80,Increased scholarships
82,Academic Scholarship
83,Increased scholarships
84,Academic Scholarship
85,Academic Scholarship
90,Academic Scholarship
139,Academic Scholarship
140,Increased scholarships
142,Increased scholarships
145,Academic Scholarship
146,Increased scholarships
149,Academic Scholarship
150,Increased scholarships
152,Increased scholarships
181,Academic Scholarship
182,Increased scholarships
187,Increased scholarships
191,Academic Scholarship
192,Increased scholarships
193,Academic Scholarship
195,Increased scholarships
199,Academic Scholarship
223,Increased scholarships
224,Academic Scholarship
225,Academic Scholarship
229,Academic Scholarship
231,Academic Scholarship
232,Academic Scholarship
237,Increased scholarships
244,Academic Scholarship
